<ImportExportXml xmlns:xsi="http://www.w3.org/2001/XMLSchema-instance">
  <Entities>
    <Entity>
      <Name LocalizedName="Contact" OriginalName="">Contact</Name>
      <EntityInfo>
        <entity Name="Contact">
          <attributes>
            <attribute PhysicalName="awe_doyouwanttoaddextrainformation">
              <Type>picklist</Type>
              <Name>awe_doyouwanttoaddextrainformation</Name>
              <LogicalName>awe_doyouwanttoaddextrainformation</LogicalName>
              <RequiredLevel>none</RequiredLevel>
              <DisplayMask>ValidForAdvancedFind|ValidForForm|ValidForGrid</DisplayMask>
              <ImeMode>auto</ImeMode>
              <ValidForUpdateApi>1</ValidForUpdateApi>
              <ValidForReadApi>1</ValidForReadApi>
              <ValidForCreateApi>1</ValidForCreateApi>
              <IsCustomField>1</IsCustomField>
              <IsAuditEnabled>1</IsAuditEnabled>
              <IsSecured>0</IsSecured>
              <IntroducedVersion>1.0.0.0</IntroducedVersion>
              <IsCustomizable>1</IsCustomizable>
              <IsRenameable>1</IsRenameable>
              <CanModifySearchSettings>1</CanModifySearchSettings>
              <CanModifyRequirementLevelSettings>1</CanModifyRequirementLevelSettings>
              <CanModifyAdditionalSettings>1</CanModifyAdditionalSettings>
              <SourceType>0</SourceType>
              <IsGlobalFilterEnabled>0</IsGlobalFilterEnabled>
              <IsSortableEnabled>0</IsSortableEnabled>
              <CanModifyGlobalFilterSettings>1</CanModifyGlobalFilterSettings>
              <CanModifyIsSortableSettings>1</CanModifyIsSortableSettings>
              <IsDataSourceSecret>0</IsDataSourceSecret>
              <AutoNumberFormat></AutoNumberFormat>
              <IsSearchable>0</IsSearchable>
              <IsFilterable>0</IsFilterable>
              <IsRetrievable>0</IsRetrievable>
              <IsLocalizable>0</IsLocalizable>
              <AppDefaultValue>-1</AppDefaultValue>
              <OptionSetName>awe_doyouwanttoaddextrainformation</OptionSetName>
              <displaynames>
                <displayname description="Do you want to add extra information?" languagecode="1033" />
              </displaynames>
              <Descriptions>
                <Description description="" languagecode="1033" />
              </Descriptions>
            </attribute>
            <attribute PhysicalName="awe_providetheextrainformation">
              <Type>nvarchar</Type>
              <Name>awe_providetheextrainformation</Name>
              <LogicalName>awe_providetheextrainformation</LogicalName>
              <RequiredLevel>none</RequiredLevel>
              <DisplayMask>ValidForAdvancedFind|ValidForForm|ValidForGrid</DisplayMask>
              <ImeMode>auto</ImeMode>
              <ValidForUpdateApi>1</ValidForUpdateApi>
              <ValidForReadApi>1</ValidForReadApi>
              <ValidForCreateApi>1</ValidForCreateApi>
              <IsCustomField>1</IsCustomField>
              <IsAuditEnabled>1</IsAuditEnabled>
              <IsSecured>0</IsSecured>
              <IntroducedVersion>1.0.0.0</IntroducedVersion>
              <IsCustomizable>1</IsCustomizable>
              <IsRenameable>1</IsRenameable>
              <CanModifySearchSettings>1</CanModifySearchSettings>
              <CanModifyRequirementLevelSettings>1</CanModifyRequirementLevelSettings>
              <CanModifyAdditionalSettings>1</CanModifyAdditionalSettings>
              <SourceType>0</SourceType>
              <IsGlobalFilterEnabled>0</IsGlobalFilterEnabled>
              <IsSortableEnabled>0</IsSortableEnabled>
              <CanModifyGlobalFilterSettings>1</CanModifyGlobalFilterSettings>
              <CanModifyIsSortableSettings>1</CanModifyIsSortableSettings>
              <IsDataSourceSecret>0</IsDataSourceSecret>
              <AutoNumberFormat></AutoNumberFormat>
              <IsSearchable>0</IsSearchable>
              <IsFilterable>0</IsFilterable>
              <IsRetrievable>0</IsRetrievable>
              <IsLocalizable>0</IsLocalizable>
              <Format>textarea</Format>
              <MaxLength>100</MaxLength>
              <Length>200</Length>
              <displaynames>
                <displayname description="Provide the extra information" languagecode="1033" />
              </displaynames>
              <Descriptions>
                <Description description="" languagecode="1033" />
              </Descriptions>
            </attribute>
          </attributes>
        </entity>
      </EntityInfo>
      <FormXml>
        <forms type="main">
          <systemform>
            <formid>{6d735f5a-495b-eb11-a812-00224840fc77}</formid>
            <IntroducedVersion>1.0.0.0</IntroducedVersion>
            <FormPresentation>1</FormPresentation>
            <FormActivationState>1</FormActivationState>
            <form showImage="false" headerdensity="HighWithControls">
              <ancestor id="{1fed44d1-ae68-4a41-bd2b-f13acac4acfa}" />
              <hiddencontrols>
                <data id="fullname" datafieldname="fullname" classid="{5546E6CD-394C-4bee-94A8-4425E17EF6C6}" />
                <data id="address1_addressid" datafieldname="address1_addressid" classid="{5546E6CD-394C-4bee-94A8-4425E17EF6C6}" />
                <data id="address2_addressid" datafieldname="address2_addressid" classid="{5546E6CD-394C-4bee-94A8-4425E17EF6C6}" />
              </hiddencontrols>
              <tabs>
                <tab name="continue_tab" id="3d36ec53-de76-4b36-b95e-96b5a3434d7a" IsUserDefined="0" locklevel="0" showlabel="true" labelid="{a36a2183-43a1-426f-8f0f-4a32e3cdf68f}" visible="true">
                  <labels>
                    <label description="Continue Tab" languagecode="1033" />
                  </labels>
                  <columns>
                    <column width="100%">
                      <sections>
                        <section name="continue_section" id="a7530001-9eb3-4607-9922-cfd1027f09ed" IsUserDefined="0" locklevel="0" showlabel="false" showbar="false" layout="varwidth" celllabelalignment="Left" celllabelposition="Left" columns="1" labelwidth="115" labelid="{d756161c-b4b9-466d-bad6-d50cade7e24b}">
                          <labels>
                            <label description="Continue Section" languagecode="1033" />
                          </labels>
                          <rows>
                            <row>
                              <cell showlabel="false" locklevel="0" id="{ca6d176f-4c33-42a8-b76a-7c691a329fd8}" labelid="{e2f7b593-2618-4a32-bef3-646a9a853b12}">
                                <labels>
                                  <label description="" languagecode="1033" />
                                </labels>
                              </cell>
                            </row>
                          </rows>
                        </section>
                      </sections>
                    </column>
                  </columns>
                </tab>
                <tab name="contact_details_1" id="e1cc890c-31ab-4712-85a4-4ffce8d1adfd" IsUserDefined="0" locklevel="0" showlabel="true">
                  <labels>
                    <label description="Contact details 1" languagecode="1033" />
                  </labels>
                  <columns>
                    <column width="100%">
                      <sections>
                        <section name="contact_section" id="ab0baede-0b48-4e8a-bfcc-e0be4f3d4bec" IsUserDefined="0" locklevel="0" showlabel="false" showbar="false" layout="varwidth" celllabelalignment="Left" celllabelposition="Left" columns="1" labelwidth="115">
                          <labels>
                            <label description="contact_section" languagecode="1033" />
                          </labels>
                          <rows>
                            <row>
                              <cell id="{ab8003a0-c2a5-4fa7-8995-0bb9f0169d96}" locklevel="0">
                                <labels>
                                  <label description="Home Phone" languagecode="1033" />
                                </labels>
                                <control id="telephone2" classid="{4273EDBD-AC1D-40D3-9FB2-095C621B552D}" datafieldname="telephone2" disabled="false" />
                              </cell>
                            </row>
                            <row>
                              <cell id="{96c537f0-a3a9-4d7e-be49-b85e618d0fa3}" locklevel="0">
                                <labels>
                                  <label description="Work phone number" languagecode="1033" />
                                </labels>
                                <control id="telephone1" classid="{4273EDBD-AC1D-40D3-9FB2-095C621B552D}" datafieldname="telephone1" disabled="false" />
                              </cell>
                            </row>
                          </rows>
                        </section>
                      </sections>
                    </column>
                  </columns>
                </tab>
                <tab name="contact_details_2" id="55dfa59a-4ec4-4371-9451-40c566f6942b" IsUserDefined="0" locklevel="0" showlabel="true">
                  <labels>
                    <label description="Contact details 2" languagecode="1033" />
                  </labels>
                  <columns>
                    <column width="100%">
                      <sections>
                        <section name="tab_3_section_1" id="05425b04-7081-42d5-a544-50362818e64e" IsUserDefined="0" locklevel="0" showlabel="false" showbar="false" layout="varwidth" celllabelalignment="Left" celllabelposition="Left" columns="1" labelwidth="115">
                          <labels>
                            <label description="New Section" languagecode="1033" />
                          </labels>
                          <rows>
                            <row>
                              <cell id="{c163b325-6e32-4617-99ad-3f77053446ef}" locklevel="0">
                                <labels>
                                  <label description="Personal email address" languagecode="1033" />
                                </labels>
                                <control id="emailaddress2" classid="{ADA2203E-B4CD-49BE-9DDF-234642B43B52}" datafieldname="emailaddress2" disabled="false" />
                              </cell>
                            </row>
                            <row>
                              <cell id="{fd1d9a53-43d1-45a7-a948-76422dd51073}" locklevel="0">
                                <labels>
                                  <label description="Work email address" languagecode="1033" />
                                </labels>
                                <control id="emailaddress1" classid="{ADA2203E-B4CD-49BE-9DDF-234642B43B52}" datafieldname="emailaddress1" disabled="false" />
                              </cell>
                            </row>
                          </rows>
                        </section>
                      </sections>
                    </column>
                  </columns>
                </tab>
                <tab name="other_details" id="bbfa932d-6f2d-45ea-a8e1-f89917568191" IsUserDefined="0" locklevel="0" showlabel="true">
                  <labels>
                    <label description="Other details" languagecode="1033" />
                  </labels>
                  <columns>
                    <column width="100%">
                      <sections>
                        <section name="tab_4_section_1" id="82154d6b-e4a6-4cbe-a827-93ef4ad312bc" IsUserDefined="0" locklevel="0" showlabel="false" showbar="false" layout="varwidth" celllabelalignment="Left" celllabelposition="Left" columns="1" labelwidth="115">
                          <labels>
                            <label description="New Section" languagecode="1033" />
                          </labels>
                          <rows>
                            <row>
                              <cell id="{cd646224-8c8e-27a5-e361-ae7ae65a4813}" showlabel="true" locklevel="0">
                                <labels>
                                  <label description="Date of Birth" languagecode="1033" />
                                </labels>
                                <control id="birthdate" classid="{5B773807-9FB2-42db-97C3-7A91EFF8ADFF}" datafieldname="birthdate" disabled="false" />
                              </cell>
                            </row>
                            <row>
                              <cell id="{c69c6733-b806-982b-0358-130909797947}" showlabel="true" locklevel="0">
                                <labels>
                                  <label description="Do you want to add extra information?" languagecode="1033" />
                                </labels>
                                <control id="awe_doyouwanttoaddextrainformation" classid="{3EF39988-22BB-4f0b-BBBE-64B5A3748AEE}" datafieldname="awe_doyouwanttoaddextrainformation" disabled="false" />
                              </cell>
                            </row>
                            <row>
                              <cell id="{21ebbeb0-08ad-919d-6de5-d612836de015}" showlabel="true" locklevel="0">
                                <labels>
                                  <label description="Provide the extra information" languagecode="1033" />
                                </labels>
                                <control id="awe_providetheextrainformation" classid="{E0DECE4B-6FC8-4a8f-A065-082708572369}" datafieldname="awe_providetheextrainformation" disabled="false" />
                              </cell>
                            </row>
                            <row>
                              <cell id="{56f31f4f-95d6-4c81-9f98-2fc2043336cf}" locklevel="0">
                                <labels>
                                  <label description="Job Title" languagecode="1033" />
                                </labels>
                                <control id="jobtitle" classid="{4273EDBD-AC1D-40D3-9FB2-095C621B552D}" datafieldname="jobtitle" disabled="false" />
                              </cell>
                            </row>
                            <row>
                              <cell id="{960b9b97-2459-14ae-b39c-15002b3ec283}" showlabel="true" locklevel="0">
                                <labels>
                                  <label description="GDPR Optout" languagecode="1033" />
                                </labels>
                                <control id="msdyn_gdproptout" classid="{B0C6723A-8503-4fd7-BB28-C8A06AC933C2}" datafieldname="msdyn_gdproptout" disabled="false" uniqueid="{b63523c0-5012-545e-6409-377e952980d6}" />
                              </cell>
                            </row>
                          </rows>
                        </section>
                      </sections>
                    </column>
                  </columns>
                </tab>
                <tab name="tab_test_inset" id="d050bbc0-0026-4f28-b947-36b930c6895a" IsUserDefined="0" locklevel="0" showlabel="true">
                  <labels>
                    <label description="Test Inset" languagecode="1033" />
                  </labels>
                  <columns>
                    <column width="100%">
                      <sections>
                        <section name="tab_6_section_1" id="d22a17ad-2a77-4c67-89b3-1a9762ad0ac8" IsUserDefined="0" locklevel="0" showlabel="false" showbar="false" layout="varwidth" celllabelalignment="Left" celllabelposition="Left" columns="1" labelwidth="115">
                          <labels>
                            <label description="Main Section" languagecode="1033" />
                          </labels>
                          <rows>
                            <row>
                              <cell id="{0b6ab8c4-60b0-468a-9e1c-ffcf18475f90}" locklevel="0">
                                <labels>
                                  <label description="Do you want to add extra information?" languagecode="1033" />
                                </labels>
                                <control id="awe_doyouwanttoaddextrainformation" classid="{3EF39988-22BB-4F0B-BBBE-64B5A3748AEE}" datafieldname="awe_doyouwanttoaddextrainformation" disabled="false" />
                              </cell>
                            </row>
                          </rows>
                        </section>
                        <section name="section_inset" id="e1007908-e4f4-4a70-9a7e-d9bb1198e534" IsUserDefined="0" locklevel="0" showlabel="false" showbar="false" layout="varwidth" celllabelalignment="Left" celllabelposition="Left" columns="1" labelwidth="115">
                          <labels>
                            <label description="Inset Section" languagecode="1033" />
                          </labels>
                          <rows>
                            <row>
                              <cell id="{e58896bb-dac4-4b6a-9350-efc101fec517}" locklevel="0">
                                <labels>
                                  <label description="Provide the extra information" languagecode="1033" />
                                </labels>
                                <control id="awe_providetheextrainformation" classid="{E0DECE4B-6FC8-4A8F-A065-082708572369}" datafieldname="awe_providetheextrainformation" disabled="false" />
                              </cell>
                            </row>
                          </rows>
                        </section>
                      </sections>
                    </column>
                  </columns>
                </tab>
              </tabs>
              <header id="{3ff9aa06-4e43-41ce-afa9-22a038af5c19}" celllabelposition="Top" columns="1" labelwidth="115">
                <rows>
                  <row>
                    <cell id="{24be01cc-16a6-8eea-8916-42d20a1097ae}" showlabel="true" locklevel="1" labelid="{61feda15-ce75-4621-babd-91b2230bbfd5}">
                      <labels>
                        <label description="Owner" languagecode="1033" />
                      </labels>
                      <control id="header_ownerid" classid="{270BD3DB-D9AF-4782-9025-509E298DEC0A}" datafieldname="ownerid" />
                    </cell>
                  </row>
                </rows>
              </header>
              <clientresources>
                <internalresources>
                  <clientincludes>
                    <internaljscriptfile src="$webresource:AppCommon/Contact/Contact_main_system_library.js" />
                    <internaljscriptfile src="$webresource:Sales/Contact/Contact_main_system_library.js" />
                    <internaljscriptfile src="$webresource:Sales/ClientCommon/Sales_ClientCommon.js" />
                  </clientincludes>
                </internalresources>
              </clientresources>
              <events>
                <event name="onload" application="true" active="true">
                  <InternalHandlers>
                    <Handler functionName="AppCommon.Contact.Instance.form_onload" libraryName="AppCommon/Contact/Contact_main_system_library.js" handlerUniqueId="4ea24ebd-795d-434e-af94-6812c3867b54" enabled="true" />
                    <Handler functionName="Sales.Contact.Instance.Form_onload" libraryName="Sales/Contact/Contact_main_system_library.js" handlerUniqueId="fad0dc4f-a62b-48ad-a35b-b2bf83c1ba99" enabled="true" passExecutionContext="true" />
                  </InternalHandlers>
                  <Handlers>
                    <Handler functionName="loadTalkingPoints" libraryName="msdyn_talkingpointsloader.js" handlerUniqueId="{a96425be-a853-9549-dc5a-1610151533dd}" enabled="true" parameters="" passExecutionContext="true" />
                    <Handler functionName="Sales.DocumentsTabController.shouldShowDocumentsTab" libraryName="Sales/ClientCommon/Sales_ClientCommon.js" handlerUniqueId="{8386030F-4166-4B1E-9428-5E4525B0F0EC}" enabled="true" parameters="" passExecutionContext="true" />
                  </Handlers>
                </event>
              </events>
              <Navigation>
                <NavBar>
                  <NavBarByRelationshipItem RelationshipName="Contact_CustomerAddress" Id="navAddresses" Sequence="10" Area="Info" Show="false">
                    <Privileges>
                      <Privilege Entity="" Privilege="ReadActivity" />
                    </Privileges>
                    <Titles>
                      <Title LCID="1033" Text="Addresses" />
                      <Title LCID="1025" Text="العناوين" />
                      <Title LCID="1026" Text="Адреси" />
                      <Title LCID="1027" Text="Adreces" />
                      <Title LCID="1029" Text="Adresy" />
                      <Title LCID="1030" Text="Adresser" />
                      <Title LCID="1031" Text="Adressen" />
                      <Title LCID="1032" Text="Διευθύνσεις" />
                      <Title LCID="3082" Text="Direcciones" />
                      <Title LCID="1061" Text="Aadressid" />
                      <Title LCID="1069" Text="Helbideak" />
                      <Title LCID="1035" Text="Osoitteet" />
                      <Title LCID="1036" Text="Adresses" />
                      <Title LCID="1110" Text="Enderezos" />
                      <Title LCID="1037" Text="כתובות" />
                      <Title LCID="1081" Text="पते" />
                      <Title LCID="1050" Text="Adrese" />
                      <Title LCID="1038" Text="Címek" />
                      <Title LCID="1057" Text="Alamat" />
                      <Title LCID="1040" Text="Indirizzi" />
                      <Title LCID="1041" Text="住所" />
                      <Title LCID="1087" Text="Мекенжайлар" />
                      <Title LCID="1042" Text="주소" />
                      <Title LCID="1063" Text="Adresai" />
                      <Title LCID="1062" Text="Adreses" />
                      <Title LCID="1086" Text="Alamat" />
                      <Title LCID="1044" Text="Adresser" />
                      <Title LCID="1043" Text="Adressen" />
                      <Title LCID="1045" Text="Adresy" />
                      <Title LCID="1046" Text="Endereços" />
                      <Title LCID="2070" Text="Endereços" />
                      <Title LCID="1048" Text="Adrese" />
                      <Title LCID="1049" Text="Адреса" />
                      <Title LCID="1051" Text="Adresy" />
                      <Title LCID="1060" Text="Naslovi" />
                      <Title LCID="10266" Text="Адресе" />
                      <Title LCID="9242" Text="Adrese" />
                      <Title LCID="1053" Text="Adresser" />
                      <Title LCID="1054" Text="ที่อยู่" />
                      <Title LCID="1055" Text="Adresler" />
                      <Title LCID="1058" Text="Адреси" />
                      <Title LCID="1066" Text="Địa chỉ" />
                      <Title LCID="2052" Text="地址" />
                      <Title LCID="3076" Text="地址" />
                      <Title LCID="1028" Text="地址" />
                      <Title LCID="3098" Text="Адресе" />
                      <Title LCID="2074" Text="Adrese" />
                    </Titles>
                  </NavBarByRelationshipItem>
                  <NavBarByRelationshipItem RelationshipName="contact_customer_contacts" Id="navSubConts" Sequence="10" Area="Info" Show="false">
                    <Privileges>
                      <Privilege Entity="" Privilege="ReadActivity" />
                    </Privileges>
                    <Titles>
                      <Title LCID="1033" Text="Contacts" />
                      <Title LCID="1025" Text="جهات الاتصال" />
                      <Title LCID="1026" Text="Контакти" />
                      <Title LCID="1027" Text="Contactes" />
                      <Title LCID="1029" Text="Kontakty" />
                      <Title LCID="1030" Text="Kontakter" />
                      <Title LCID="1031" Text="Kontakte" />
                      <Title LCID="1032" Text="Επαφές" />
                      <Title LCID="3082" Text="Contactos" />
                      <Title LCID="1061" Text="Kontaktid" />
                      <Title LCID="1069" Text="Kontaktuak" />
                      <Title LCID="1035" Text="Yhteyshenkilöt" />
                      <Title LCID="1036" Text="Contacts" />
                      <Title LCID="1110" Text="Contactos" />
                      <Title LCID="1037" Text="אנשי קשר" />
                      <Title LCID="1081" Text="संपर्क" />
                      <Title LCID="1050" Text="Kontakti" />
                      <Title LCID="1038" Text="Kapcsolattartók" />
                      <Title LCID="1057" Text="Kontak" />
                      <Title LCID="1040" Text="Contatti" />
                      <Title LCID="1041" Text="取引先担当者" />
                      <Title LCID="1087" Text="Контактілер" />
                      <Title LCID="1042" Text="연락처" />
                      <Title LCID="1063" Text="Kontaktai" />
                      <Title LCID="1062" Text="Kontaktpersonas" />
                      <Title LCID="1086" Text="Kenalan" />
                      <Title LCID="1044" Text="Kontakter" />
                      <Title LCID="1043" Text="Contactpersonen" />
                      <Title LCID="1045" Text="Kontakty" />
                      <Title LCID="1046" Text="Contatos" />
                      <Title LCID="2070" Text="Contactos" />
                      <Title LCID="1048" Text="Persoane de contact" />
                      <Title LCID="1049" Text="Контакты" />
                      <Title LCID="1051" Text="Kontakty" />
                      <Title LCID="1060" Text="Stiki" />
                      <Title LCID="10266" Text="Контакти" />
                      <Title LCID="9242" Text="Kontakti" />
                      <Title LCID="1053" Text="Kontakter" />
                      <Title LCID="1054" Text="ผู้ติดต่อ" />
                      <Title LCID="1055" Text="İlgili Kişiler" />
                      <Title LCID="1058" Text="Контактні особи" />
                      <Title LCID="1066" Text="Người liên hệ" />
                      <Title LCID="2052" Text="联系人" />
                      <Title LCID="3076" Text="連絡人" />
                      <Title LCID="1028" Text="連絡人" />
                      <Title LCID="3098" Text="Контакти" />
                      <Title LCID="2074" Text="Kontakti" />
                    </Titles>
                  </NavBarByRelationshipItem>
                  <NavBarByRelationshipItem RelationshipName="contact_customer_relationship_customer" Id="navRelationships" Sequence="10" Area="Info" Show="false">
                    <Privileges>
                      <Privilege Entity="" Privilege="ReadActivity" />
                    </Privileges>
                    <Titles>
                      <Title LCID="1033" Text="CustomerRelationship" />
                      <Title LCID="1025" Text="CustomerRelationship" />
                      <Title LCID="1026" Text="CustomerRelationship" />
                      <Title LCID="1027" Text="CustomerRelationship" />
                      <Title LCID="1029" Text="CustomerRelationship" />
                      <Title LCID="1030" Text="CustomerRelationship" />
                      <Title LCID="1031" Text="CustomerRelationship" />
                      <Title LCID="1032" Text="CustomerRelationship" />
                      <Title LCID="3082" Text="CustomerRelationship" />
                      <Title LCID="1061" Text="CustomerRelationship" />
                      <Title LCID="1069" Text="CustomerRelationship" />
                      <Title LCID="1035" Text="CustomerRelationship" />
                      <Title LCID="1036" Text="CustomerRelationship" />
                      <Title LCID="1110" Text="CustomerRelationship" />
                      <Title LCID="1037" Text="CustomerRelationship" />
                      <Title LCID="1081" Text="CustomerRelationship" />
                      <Title LCID="1050" Text="CustomerRelationship" />
                      <Title LCID="1038" Text="CustomerRelationship" />
                      <Title LCID="1057" Text="CustomerRelationship" />
                      <Title LCID="1040" Text="CustomerRelationship" />
                      <Title LCID="1041" Text="CustomerRelationship" />
                      <Title LCID="1087" Text="CustomerRelationship" />
                      <Title LCID="1042" Text="CustomerRelationship" />
                      <Title LCID="1063" Text="CustomerRelationship" />
                      <Title LCID="1062" Text="CustomerRelationship" />
                      <Title LCID="1086" Text="CustomerRelationship" />
                      <Title LCID="1044" Text="CustomerRelationship" />
                      <Title LCID="1043" Text="CustomerRelationship" />
                      <Title LCID="1045" Text="CustomerRelationship" />
                      <Title LCID="1046" Text="CustomerRelationship" />
                      <Title LCID="2070" Text="CustomerRelationship" />
                      <Title LCID="1048" Text="CustomerRelationship" />
                      <Title LCID="1049" Text="CustomerRelationship" />
                      <Title LCID="1051" Text="CustomerRelationship" />
                      <Title LCID="1060" Text="CustomerRelationship" />
                      <Title LCID="10266" Text="CustomerRelationship" />
                      <Title LCID="9242" Text="CustomerRelationship" />
                      <Title LCID="1053" Text="CustomerRelationship" />
                      <Title LCID="1054" Text="CustomerRelationship" />
                      <Title LCID="1055" Text="CustomerRelationship" />
                      <Title LCID="1058" Text="CustomerRelationship" />
                      <Title LCID="1066" Text="CustomerRelationship" />
                      <Title LCID="2052" Text="CustomerRelationship" />
                      <Title LCID="3076" Text="CustomerRelationship" />
                      <Title LCID="1028" Text="CustomerRelationship" />
                      <Title LCID="3098" Text="CustomerRelationship" />
                      <Title LCID="2074" Text="CustomerRelationship" />
                    </Titles>
                  </NavBarByRelationshipItem>
                  <NavBarByRelationshipItem RelationshipName="invoice_customer_contacts" Id="navInvoices" Sequence="10" Area="Info" Show="false">
                    <Privileges>
                      <Privilege Entity="" Privilege="ReadActivity" />
                    </Privileges>
                    <Titles>
                      <Title LCID="1033" Text="Invoice" />
                      <Title LCID="1025" Text="الفاتورة" />
                      <Title LCID="1026" Text="Фактура" />
                      <Title LCID="1027" Text="Factura" />
                      <Title LCID="1029" Text="Faktura" />
                      <Title LCID="1030" Text="Faktura" />
                      <Title LCID="1031" Text="Rechnung" />
                      <Title LCID="1032" Text="Τιμολόγιο" />
                      <Title LCID="3082" Text="Factura" />
                      <Title LCID="1061" Text="Arve" />
                      <Title LCID="1069" Text="Faktura" />
                      <Title LCID="1035" Text="Lasku" />
                      <Title LCID="1036" Text="Facture" />
                      <Title LCID="1110" Text="Factura" />
                      <Title LCID="1037" Text="חשבונית" />
                      <Title LCID="1081" Text="इनवॉइस" />
                      <Title LCID="1050" Text="Faktura" />
                      <Title LCID="1038" Text="Számla" />
                      <Title LCID="1057" Text="Faktur" />
                      <Title LCID="1040" Text="Fattura" />
                      <Title LCID="1041" Text="請求書" />
                      <Title LCID="1087" Text="Есеп-шот" />
                      <Title LCID="1042" Text="송장" />
                      <Title LCID="1063" Text="Sąskaita faktūra" />
                      <Title LCID="1062" Text="Rēķins" />
                      <Title LCID="1086" Text="Invois" />
                      <Title LCID="1044" Text="Faktura" />
                      <Title LCID="1043" Text="Factuur" />
                      <Title LCID="1045" Text="Faktura" />
                      <Title LCID="1046" Text="Fatura" />
                      <Title LCID="2070" Text="Fatura" />
                      <Title LCID="1048" Text="Factură" />
                      <Title LCID="1049" Text="Счет" />
                      <Title LCID="1051" Text="Faktúra" />
                      <Title LCID="1060" Text="Račun" />
                      <Title LCID="10266" Text="Фактура" />
                      <Title LCID="9242" Text="Faktura" />
                      <Title LCID="1053" Text="Faktura" />
                      <Title LCID="1054" Text="ใบแจ้งหนี้" />
                      <Title LCID="1055" Text="Fatura" />
                      <Title LCID="1058" Text="Рахунок" />
                      <Title LCID="1066" Text="Hóa đơn" />
                      <Title LCID="2052" Text="发票" />
                      <Title LCID="3076" Text="發票" />
                      <Title LCID="1028" Text="發票" />
                      <Title LCID="3098" Text="Фактура" />
                      <Title LCID="2074" Text="Faktura" />
                    </Titles>
                  </NavBarByRelationshipItem>
                  <NavBarByRelationshipItem RelationshipName="order_customer_contacts" Id="navOrders" Sequence="10" Area="Info" Show="false">
                    <Privileges>
                      <Privilege Entity="" Privilege="ReadActivity" />
                    </Privileges>
                    <Titles>
                      <Title LCID="1033" Text="SalesOrder" />
                      <Title LCID="1025" Text="أمر المبيعات" />
                      <Title LCID="1026" Text="SalesOrder" />
                      <Title LCID="1027" Text="Comanda de vendes" />
                      <Title LCID="1029" Text="Prodejní objednávka" />
                      <Title LCID="1030" Text="SalesOrder" />
                      <Title LCID="1031" Text="Vertriebsauftrag" />
                      <Title LCID="1032" Text="SalesOrder" />
                      <Title LCID="3082" Text="Pedido de venta" />
                      <Title LCID="1061" Text="SalesOrder" />
                      <Title LCID="1069" Text="SalesOrder" />
                      <Title LCID="1035" Text="Myyntitilaus" />
                      <Title LCID="1036" Text="Commande client" />
                      <Title LCID="1110" Text="SalesOrder" />
                      <Title LCID="1037" Text="SalesOrder" />
                      <Title LCID="1081" Text="SalesOrder" />
                      <Title LCID="1050" Text="SalesOrder" />
                      <Title LCID="1038" Text="SalesOrder" />
                      <Title LCID="1057" Text="SalesOrder" />
                      <Title LCID="1040" Text="Ordine cliente" />
                      <Title LCID="1041" Text="SalesOrder" />
                      <Title LCID="1087" Text="SalesOrder" />
                      <Title LCID="1042" Text="SalesOrder" />
                      <Title LCID="1063" Text="Pardavimo užsakymas" />
                      <Title LCID="1062" Text="SalesOrder" />
                      <Title LCID="1086" Text="SalesOrder" />
                      <Title LCID="1044" Text="Salgsordre" />
                      <Title LCID="1043" Text="Verkooporder" />
                      <Title LCID="1045" Text="SalesOrder" />
                      <Title LCID="1046" Text="SalesOrder" />
                      <Title LCID="2070" Text="SalesOrder" />
                      <Title LCID="1048" Text="SalesOrder" />
                      <Title LCID="1049" Text="SalesOrder" />
                      <Title LCID="1051" Text="SalesOrder" />
                      <Title LCID="1060" Text="SalesOrder" />
                      <Title LCID="10266" Text="SalesOrder" />
                      <Title LCID="9242" Text="SalesOrder" />
                      <Title LCID="1053" Text="Försäljningsorder" />
                      <Title LCID="1054" Text="ใบสั่งขาย" />
                      <Title LCID="1055" Text="SalesOrder" />
                      <Title LCID="1058" Text="Замовлення на продаж" />
                      <Title LCID="1066" Text="SalesOrder" />
                      <Title LCID="2052" Text="SalesOrder" />
                      <Title LCID="3076" Text="SalesOrder" />
                      <Title LCID="1028" Text="SalesOrder" />
                      <Title LCID="3098" Text="SalesOrder" />
                      <Title LCID="2074" Text="SalesOrder" />
                    </Titles>
                  </NavBarByRelationshipItem>
                  <NavBarByRelationshipItem RelationshipName="quote_customer_contacts" Id="navQuotes" Sequence="10" Area="Info" Show="false">
                    <Privileges>
                      <Privilege Entity="" Privilege="ReadActivity" />
                    </Privileges>
                    <Titles>
                      <Title LCID="1033" Text="Quote" />
                      <Title LCID="1025" Text="عرض الأسعار" />
                      <Title LCID="1026" Text="Оферта" />
                      <Title LCID="1027" Text="Oferta" />
                      <Title LCID="1029" Text="Nabídka" />
                      <Title LCID="1030" Text="Tilbud" />
                      <Title LCID="1031" Text="Angebot" />
                      <Title LCID="1032" Text="Προσφορά" />
                      <Title LCID="3082" Text="Oferta" />
                      <Title LCID="1061" Text="Hinnapakkumine" />
                      <Title LCID="1069" Text="Eskaintza" />
                      <Title LCID="1035" Text="Tarjous" />
                      <Title LCID="1036" Text="Devis" />
                      <Title LCID="1110" Text="Oferta" />
                      <Title LCID="1037" Text="הצעת מחיר" />
                      <Title LCID="1081" Text="कोट" />
                      <Title LCID="1050" Text="Ponuda" />
                      <Title LCID="1038" Text="Árajánlat" />
                      <Title LCID="1057" Text="Kuotasi" />
                      <Title LCID="1040" Text="Offerta" />
                      <Title LCID="1041" Text="見積もり" />
                      <Title LCID="1087" Text="Баға ұсыну" />
                      <Title LCID="1042" Text="견적" />
                      <Title LCID="1063" Text="Pasiūlymas" />
                      <Title LCID="1062" Text="Piedāvājums" />
                      <Title LCID="1086" Text="Sebut Harga" />
                      <Title LCID="1044" Text="Tilbud" />
                      <Title LCID="1043" Text="Prijsopgave" />
                      <Title LCID="1045" Text="Oferta" />
                      <Title LCID="1046" Text="Cotação" />
                      <Title LCID="2070" Text="Proposta" />
                      <Title LCID="1048" Text="Ofertă" />
                      <Title LCID="1049" Text="Предложение с расценками" />
                      <Title LCID="1051" Text="Cenová ponuka" />
                      <Title LCID="1060" Text="Ponudba" />
                      <Title LCID="10266" Text="Понуда" />
                      <Title LCID="9242" Text="Ponuda" />
                      <Title LCID="1053" Text="Offert" />
                      <Title LCID="1054" Text="ใบเสนอราคา" />
                      <Title LCID="1055" Text="Teklif" />
                      <Title LCID="1058" Text="Цінова пропозиція" />
                      <Title LCID="1066" Text="Báo giá" />
                      <Title LCID="2052" Text="报价单" />
                      <Title LCID="3076" Text="報價" />
                      <Title LCID="1028" Text="報價" />
                      <Title LCID="3098" Text="Понуда" />
                      <Title LCID="2074" Text="Ponuda" />
                    </Titles>
                  </NavBarByRelationshipItem>
                  <NavBarByRelationshipItem RelationshipName="hardcoded_{B7196B13-6B9D-42CD-BD58-B19A3953126F}navAsyncOperations" Sequence="9500" Area="ProcessCenter" Id="navAsyncOperations" Show="false">
                    <Titles>
                      <Title LCID="1033" Text="Workflows" />
                      <Title LCID="1025" Text="عمليات سير العمل" />
                      <Title LCID="1026" Text="Работни потоци" />
                      <Title LCID="1027" Text="Fluxos de treball" />
                      <Title LCID="1029" Text="Pracovní postupy" />
                      <Title LCID="1030" Text="Arbejdsprocesser" />
                      <Title LCID="1031" Text="Workflows" />
                      <Title LCID="1032" Text="Ροές εργασιών" />
                      <Title LCID="3082" Text="Flujos de trabajo" />
                      <Title LCID="1061" Text="Töövood" />
                      <Title LCID="1069" Text="Lan-fluxuak" />
                      <Title LCID="1035" Text="Työnkulut" />
                      <Title LCID="1036" Text="Workflows" />
                      <Title LCID="1110" Text="Fluxos de traballo" />
                      <Title LCID="1037" Text="זרימות עבודה" />
                      <Title LCID="1081" Text="कार्य प्रवाह" />
                      <Title LCID="1050" Text="Tjekovi rada" />
                      <Title LCID="1038" Text="Munkafolyamatok" />
                      <Title LCID="1057" Text="Alur Kerja" />
                      <Title LCID="1040" Text="Flussi di lavoro" />
                      <Title LCID="1041" Text="ワークフロー" />
                      <Title LCID="1087" Text="Жұмыс ағындары" />
                      <Title LCID="1042" Text="워크플로" />
                      <Title LCID="1063" Text="Darbo eigos" />
                      <Title LCID="1062" Text="Darbplūsmas" />
                      <Title LCID="1086" Text="Aliran Kerja" />
                      <Title LCID="1044" Text="Arbeidsflyter" />
                      <Title LCID="1043" Text="Werkstromen" />
                      <Title LCID="1045" Text="Przepływy pracy" />
                      <Title LCID="1046" Text="Fluxos de Trabalho" />
                      <Title LCID="2070" Text="Fluxos de Trabalho" />
                      <Title LCID="1048" Text="Fluxuri de lucru" />
                      <Title LCID="1049" Text="Бизнес-процессы" />
                      <Title LCID="1051" Text="Pracovné postupy" />
                      <Title LCID="1060" Text="Poteki dela" />
                      <Title LCID="10266" Text="Токови посла" />
                      <Title LCID="9242" Text="Tokovi posla" />
                      <Title LCID="1053" Text="Arbetsflöden" />
                      <Title LCID="1054" Text="เวิร์กโฟลว์" />
                      <Title LCID="1055" Text="İş Akışları" />
                      <Title LCID="1058" Text="Робочі цикли" />
                      <Title LCID="1066" Text="Quy trình làm việc" />
                      <Title LCID="2052" Text="工作流" />
                      <Title LCID="3076" Text="工作流程" />
                      <Title LCID="1028" Text="工作流程" />
                      <Title LCID="3098" Text="Токови посла" />
                      <Title LCID="2074" Text="Tokovi posla" />
                    </Titles>
                  </NavBarByRelationshipItem>
                  <NavBarByRelationshipItem RelationshipName="hardcoded_{B7196B13-6B9D-42CD-BD58-B19A3953126F}navProcessSessions" Sequence="9700" Area="ProcessCenter" Id="navProcessSessions" Show="false">
                    <Titles>
                      <Title LCID="1033" Text="Dialog Sessions" />
                      <Title LCID="1025" Text="جلسات عمل الحوار" />
                      <Title LCID="1026" Text="Диалогови сесии" />
                      <Title LCID="1027" Text="Sessions del diàleg" />
                      <Title LCID="1029" Text="Relace dialogů" />
                      <Title LCID="1030" Text="Dialogsessioner" />
                      <Title LCID="1031" Text="Dialogsitzungen" />
                      <Title LCID="1032" Text="Περίοδοι λειτουργίας παραθύρου διαλόγου" />
                      <Title LCID="3082" Text="Sesiones de diálogo" />
                      <Title LCID="1061" Text="Dialoogiseansid" />
                      <Title LCID="1069" Text="Elkarrizketa-saioak" />
                      <Title LCID="1035" Text="Dialogi-istunnot" />
                      <Title LCID="1036" Text="Sessions de dialogue" />
                      <Title LCID="1110" Text="Sesións de diálogo" />
                      <Title LCID="1037" Text="הפעלות דו-שיח" />
                      <Title LCID="1081" Text="संवाद सत्र" />
                      <Title LCID="1050" Text="Sesije dijaloga" />
                      <Title LCID="1038" Text="Párbeszéd-munkamenetek" />
                      <Title LCID="1057" Text="Sesi Dialog" />
                      <Title LCID="1040" Text="Sessioni di interazione" />
                      <Title LCID="1041" Text="ダイアログ セッション" />
                      <Title LCID="1087" Text="Диалог сеанстары" />
                      <Title LCID="1042" Text="대화 세션" />
                      <Title LCID="1063" Text="Dialogo seansai" />
                      <Title LCID="1062" Text="Dialogu sesijas" />
                      <Title LCID="1086" Text="Sesi Dialog" />
                      <Title LCID="1044" Text="Dialogøkter" />
                      <Title LCID="1043" Text="Dialoogvenstersessies" />
                      <Title LCID="1045" Text="Sesje dialogowe" />
                      <Title LCID="1046" Text="Sessões de Diálogo" />
                      <Title LCID="2070" Text="Sessões de Diálogo" />
                      <Title LCID="1048" Text="Sesiuni de dialog" />
                      <Title LCID="1049" Text="Сеансы диалогового окна" />
                      <Title LCID="1051" Text="Relácie dialógového okna" />
                      <Title LCID="1060" Text="Seje dialoga" />
                      <Title LCID="10266" Text="Сесије дијалога" />
                      <Title LCID="9242" Text="Sesije dijaloga" />
                      <Title LCID="1053" Text="Dialogsessioner" />
                      <Title LCID="1054" Text="เซสชันของกล่องโต้ตอบ" />
                      <Title LCID="1055" Text="Diyalog Oturumları" />
                      <Title LCID="1058" Text="Сеанси діалогу" />
                      <Title LCID="1066" Text="Phiên hộp thoại" />
                      <Title LCID="2052" Text="对话会话" />
                      <Title LCID="3076" Text="對話方塊工作階段" />
                      <Title LCID="1028" Text="對話方塊工作階段" />
                      <Title LCID="3098" Text="Сесије дијалога" />
                      <Title LCID="2074" Text="Sesije dijaloga" />
                    </Titles>
                  </NavBarByRelationshipItem>
                </NavBar>
                <NavBarAreas>
                  <NavBarArea Id="Info">
                    <Titles>
                      <Title LCID="1033" Text="Common" />
                      <Title LCID="1025" Text="Common" />
                      <Title LCID="1026" Text="Common" />
                      <Title LCID="1027" Text="Common" />
                      <Title LCID="1029" Text="Common" />
                      <Title LCID="1030" Text="Common" />
                      <Title LCID="1031" Text="Common" />
                      <Title LCID="1032" Text="Common" />
                      <Title LCID="3082" Text="Common" />
                      <Title LCID="1061" Text="Common" />
                      <Title LCID="1069" Text="Common" />
                      <Title LCID="1035" Text="Common" />
                      <Title LCID="1036" Text="Common" />
                      <Title LCID="1110" Text="Common" />
                      <Title LCID="1037" Text="Common" />
                      <Title LCID="1081" Text="Common" />
                      <Title LCID="1050" Text="Common" />
                      <Title LCID="1038" Text="Common" />
                      <Title LCID="1057" Text="Common" />
                      <Title LCID="1040" Text="Common" />
                      <Title LCID="1041" Text="Common" />
                      <Title LCID="1087" Text="Common" />
                      <Title LCID="1042" Text="Common" />
                      <Title LCID="1063" Text="Common" />
                      <Title LCID="1062" Text="Common" />
                      <Title LCID="1086" Text="Common" />
                      <Title LCID="1044" Text="Common" />
                      <Title LCID="1043" Text="Common" />
                      <Title LCID="1045" Text="Common" />
                      <Title LCID="1046" Text="Common" />
                      <Title LCID="2070" Text="Common" />
                      <Title LCID="1048" Text="Common" />
                      <Title LCID="1049" Text="Common" />
                      <Title LCID="1051" Text="Common" />
                      <Title LCID="1060" Text="Common" />
                      <Title LCID="3098" Text="Common" />
                      <Title LCID="2074" Text="Common" />
                      <Title LCID="1053" Text="Common" />
                      <Title LCID="1054" Text="Common" />
                      <Title LCID="1055" Text="Common" />
                      <Title LCID="1058" Text="Common" />
                      <Title LCID="1066" Text="Common" />
                      <Title LCID="2052" Text="Common" />
                      <Title LCID="3076" Text="Common" />
                      <Title LCID="1028" Text="Common" />
                    </Titles>
                  </NavBarArea>
                  <NavBarArea Id="Sales">
                    <Titles>
                      <Title LCID="1033" Text="Sales" />
                      <Title LCID="1025" Text="Sales" />
                      <Title LCID="1026" Text="Sales" />
                      <Title LCID="1027" Text="Sales" />
                      <Title LCID="1029" Text="Sales" />
                      <Title LCID="1030" Text="Sales" />
                      <Title LCID="1031" Text="Sales" />
                      <Title LCID="1032" Text="Sales" />
                      <Title LCID="3082" Text="Sales" />
                      <Title LCID="1061" Text="Sales" />
                      <Title LCID="1069" Text="Sales" />
                      <Title LCID="1035" Text="Sales" />
                      <Title LCID="1036" Text="Sales" />
                      <Title LCID="1110" Text="Sales" />
                      <Title LCID="1037" Text="Sales" />
                      <Title LCID="1081" Text="Sales" />
                      <Title LCID="1050" Text="Sales" />
                      <Title LCID="1038" Text="Sales" />
                      <Title LCID="1057" Text="Sales" />
                      <Title LCID="1040" Text="Sales" />
                      <Title LCID="1041" Text="Sales" />
                      <Title LCID="1087" Text="Sales" />
                      <Title LCID="1042" Text="Sales" />
                      <Title LCID="1063" Text="Sales" />
                      <Title LCID="1062" Text="Sales" />
                      <Title LCID="1086" Text="Sales" />
                      <Title LCID="1044" Text="Sales" />
                      <Title LCID="1043" Text="Sales" />
                      <Title LCID="1045" Text="Sales" />
                      <Title LCID="1046" Text="Sales" />
                      <Title LCID="2070" Text="Sales" />
                      <Title LCID="1048" Text="Sales" />
                      <Title LCID="1049" Text="Sales" />
                      <Title LCID="1051" Text="Sales" />
                      <Title LCID="1060" Text="Sales" />
                      <Title LCID="3098" Text="Sales" />
                      <Title LCID="2074" Text="Sales" />
                      <Title LCID="1053" Text="Sales" />
                      <Title LCID="1054" Text="Sales" />
                      <Title LCID="1055" Text="Sales" />
                      <Title LCID="1058" Text="Sales" />
                      <Title LCID="1066" Text="Sales" />
                      <Title LCID="2052" Text="Sales" />
                      <Title LCID="3076" Text="Sales" />
                      <Title LCID="1028" Text="Sales" />
                    </Titles>
                  </NavBarArea>
                  <NavBarArea Id="Service">
                    <Titles>
                      <Title LCID="1033" Text="Service" />
                      <Title LCID="1025" Text="Service" />
                      <Title LCID="1026" Text="Service" />
                      <Title LCID="1027" Text="Service" />
                      <Title LCID="1029" Text="Service" />
                      <Title LCID="1030" Text="Service" />
                      <Title LCID="1031" Text="Service" />
                      <Title LCID="1032" Text="Service" />
                      <Title LCID="3082" Text="Service" />
                      <Title LCID="1061" Text="Service" />
                      <Title LCID="1069" Text="Service" />
                      <Title LCID="1035" Text="Service" />
                      <Title LCID="1036" Text="Service" />
                      <Title LCID="1110" Text="Service" />
                      <Title LCID="1037" Text="Service" />
                      <Title LCID="1081" Text="Service" />
                      <Title LCID="1050" Text="Service" />
                      <Title LCID="1038" Text="Service" />
                      <Title LCID="1057" Text="Service" />
                      <Title LCID="1040" Text="Service" />
                      <Title LCID="1041" Text="Service" />
                      <Title LCID="1087" Text="Service" />
                      <Title LCID="1042" Text="Service" />
                      <Title LCID="1063" Text="Service" />
                      <Title LCID="1062" Text="Service" />
                      <Title LCID="1086" Text="Service" />
                      <Title LCID="1044" Text="Service" />
                      <Title LCID="1043" Text="Service" />
                      <Title LCID="1045" Text="Service" />
                      <Title LCID="1046" Text="Service" />
                      <Title LCID="2070" Text="Service" />
                      <Title LCID="1048" Text="Service" />
                      <Title LCID="1049" Text="Service" />
                      <Title LCID="1051" Text="Service" />
                      <Title LCID="1060" Text="Service" />
                      <Title LCID="3098" Text="Service" />
                      <Title LCID="2074" Text="Service" />
                      <Title LCID="1053" Text="Service" />
                      <Title LCID="1054" Text="Service" />
                      <Title LCID="1055" Text="Service" />
                      <Title LCID="1058" Text="Service" />
                      <Title LCID="1066" Text="Service" />
                      <Title LCID="2052" Text="Service" />
                      <Title LCID="3076" Text="Service" />
                      <Title LCID="1028" Text="Service" />
                    </Titles>
                  </NavBarArea>
                  <NavBarArea Id="Marketing">
                    <Titles>
                      <Title LCID="1033" Text="Marketing" />
                      <Title LCID="1025" Text="Marketing" />
                      <Title LCID="1026" Text="Marketing" />
                      <Title LCID="1027" Text="Marketing" />
                      <Title LCID="1029" Text="Marketing" />
                      <Title LCID="1030" Text="Marketing" />
                      <Title LCID="1031" Text="Marketing" />
                      <Title LCID="1032" Text="Marketing" />
                      <Title LCID="3082" Text="Marketing" />
                      <Title LCID="1061" Text="Marketing" />
                      <Title LCID="1069" Text="Marketing" />
                      <Title LCID="1035" Text="Marketing" />
                      <Title LCID="1036" Text="Marketing" />
                      <Title LCID="1110" Text="Marketing" />
                      <Title LCID="1037" Text="Marketing" />
                      <Title LCID="1081" Text="Marketing" />
                      <Title LCID="1050" Text="Marketing" />
                      <Title LCID="1038" Text="Marketing" />
                      <Title LCID="1057" Text="Marketing" />
                      <Title LCID="1040" Text="Marketing" />
                      <Title LCID="1041" Text="Marketing" />
                      <Title LCID="1087" Text="Marketing" />
                      <Title LCID="1042" Text="Marketing" />
                      <Title LCID="1063" Text="Marketing" />
                      <Title LCID="1062" Text="Marketing" />
                      <Title LCID="1086" Text="Marketing" />
                      <Title LCID="1044" Text="Marketing" />
                      <Title LCID="1043" Text="Marketing" />
                      <Title LCID="1045" Text="Marketing" />
                      <Title LCID="1046" Text="Marketing" />
                      <Title LCID="2070" Text="Marketing" />
                      <Title LCID="1048" Text="Marketing" />
                      <Title LCID="1049" Text="Marketing" />
                      <Title LCID="1051" Text="Marketing" />
                      <Title LCID="1060" Text="Marketing" />
                      <Title LCID="3098" Text="Marketing" />
                      <Title LCID="2074" Text="Marketing" />
                      <Title LCID="1053" Text="Marketing" />
                      <Title LCID="1054" Text="Marketing" />
                      <Title LCID="1055" Text="Marketing" />
                      <Title LCID="1058" Text="Marketing" />
                      <Title LCID="1066" Text="Marketing" />
                      <Title LCID="2052" Text="Marketing" />
                      <Title LCID="3076" Text="Marketing" />
                      <Title LCID="1028" Text="Marketing" />
                    </Titles>
                  </NavBarArea>
                  <NavBarArea Id="ProcessCenter">
                    <Titles>
                      <Title LCID="1033" Text="Process Sessions" />
                      <Title LCID="1025" Text="Process Sessions" />
                      <Title LCID="1026" Text="Process Sessions" />
                      <Title LCID="1027" Text="Process Sessions" />
                      <Title LCID="1029" Text="Process Sessions" />
                      <Title LCID="1030" Text="Process Sessions" />
                      <Title LCID="1031" Text="Process Sessions" />
                      <Title LCID="1032" Text="Process Sessions" />
                      <Title LCID="3082" Text="Process Sessions" />
                      <Title LCID="1061" Text="Process Sessions" />
                      <Title LCID="1069" Text="Process Sessions" />
                      <Title LCID="1035" Text="Process Sessions" />
                      <Title LCID="1036" Text="Process Sessions" />
                      <Title LCID="1110" Text="Process Sessions" />
                      <Title LCID="1037" Text="Process Sessions" />
                      <Title LCID="1081" Text="Process Sessions" />
                      <Title LCID="1050" Text="Process Sessions" />
                      <Title LCID="1038" Text="Process Sessions" />
                      <Title LCID="1057" Text="Process Sessions" />
                      <Title LCID="1040" Text="Process Sessions" />
                      <Title LCID="1041" Text="Process Sessions" />
                      <Title LCID="1087" Text="Process Sessions" />
                      <Title LCID="1042" Text="Process Sessions" />
                      <Title LCID="1063" Text="Process Sessions" />
                      <Title LCID="1062" Text="Process Sessions" />
                      <Title LCID="1086" Text="Process Sessions" />
                      <Title LCID="1044" Text="Process Sessions" />
                      <Title LCID="1043" Text="Process Sessions" />
                      <Title LCID="1045" Text="Process Sessions" />
                      <Title LCID="1046" Text="Process Sessions" />
                      <Title LCID="2070" Text="Process Sessions" />
                      <Title LCID="1048" Text="Process Sessions" />
                      <Title LCID="1049" Text="Process Sessions" />
                      <Title LCID="1051" Text="Process Sessions" />
                      <Title LCID="1060" Text="Process Sessions" />
                      <Title LCID="3098" Text="Process Sessions" />
                      <Title LCID="2074" Text="Process Sessions" />
                      <Title LCID="1053" Text="Process Sessions" />
                      <Title LCID="1054" Text="Process Sessions" />
                      <Title LCID="1055" Text="Process Sessions" />
                      <Title LCID="1058" Text="Process Sessions" />
                      <Title LCID="1066" Text="Process Sessions" />
                      <Title LCID="2052" Text="Process Sessions" />
                      <Title LCID="3076" Text="Process Sessions" />
                      <Title LCID="1028" Text="Process Sessions" />
                    </Titles>
                  </NavBarArea>
                </NavBarAreas>
              </Navigation>
              <controlDescriptions>
                <controlDescription forControl="{3ff9a528-dd50-4aca-8f10-2e5ed73513ad}">
                  <customControl formFactor="2" name="MscrmControls.CardFeedContainer.CardFeedContainer">
                    <parameters>
                      <data-set name="SubGrid">
                        <ViewId>{92AFD454-0F2E-4397-A1C8-05E37C6AD699}</ViewId>
                        <IsUserView>false</IsUserView>
                        <TargetEntityType>actioncard</TargetEntityType>
                        <FilteredViewIds>{92AFD454-0F2E-4397-A1C8-05E37C6AfD699}</FilteredViewIds>
                        <EnableViewPicker>false</EnableViewPicker>
                      </data-set>
                      <EntityTypeCode static="true" type="Decimal">2</EntityTypeCode>
                      <Location static="true" type="Decimal">1</Location>
                      <msinternal.isvisibleinmocaonly static="true">true</msinternal.isvisibleinmocaonly>
                    </parameters>
                  </customControl>
                  <customControl formFactor="0" name="MscrmControls.CardFeedContainer.CardFeedContainer">
                    <parameters>
                      <data-set name="SubGrid">
                        <ViewId>{92AFD454-0F2E-4397-A1C8-05E37C6AD699}</ViewId>
                        <IsUserView>false</IsUserView>
                        <TargetEntityType>actioncard</TargetEntityType>
                        <FilteredViewIds>{92AFD454-0F2E-4397-A1C8-05E37C6AfD699}</FilteredViewIds>
                        <EnableViewPicker>false</EnableViewPicker>
                      </data-set>
                      <EntityTypeCode static="true" type="Decimal">2</EntityTypeCode>
                      <Location static="true" type="Decimal">1</Location>
                      <msinternal.isvisibleinmocaonly static="true">true</msinternal.isvisibleinmocaonly>
                    </parameters>
                  </customControl>
                  <customControl formFactor="1" name="MscrmControls.CardFeedContainer.CardFeedContainer">
                    <parameters>
                      <data-set name="SubGrid">
                        <ViewId>{92AFD454-0F2E-4397-A1C8-05E37C6AD699}</ViewId>
                        <IsUserView>false</IsUserView>
                        <TargetEntityType>actioncard</TargetEntityType>
                        <FilteredViewIds>{92AFD454-0F2E-4397-A1C8-05E37C6AfD699}</FilteredViewIds>
                        <EnableViewPicker>false</EnableViewPicker>
                      </data-set>
                      <EntityTypeCode static="true" type="Decimal">2</EntityTypeCode>
                      <Location static="true" type="Decimal">1</Location>
                      <msinternal.isvisibleinmocaonly static="true">true</msinternal.isvisibleinmocaonly>
                    </parameters>
                  </customControl>
                </controlDescription>
                <controlDescription forControl="{69d839e7-9935-3a7e-d978-85a1cdb50323}">
                  <customControl id="{E0DECE4B-6FC8-4a8f-A065-082708572369}">
                    <parameters>
                      <datafieldname>businesscard</datafieldname>
                    </parameters>
                  </customControl>
                  <customControl formFactor="0" name="Intelligence.BusinessCardReaderControl.BusinessCardReader">
                    <parameters>
                      <value>businesscard</value>
                      <DefaultImage type="Multiple">businesscard</DefaultImage>
                      <AdvancedCustomization>businesscardattributes</AdvancedCustomization>
                    </parameters>
                  </customControl>
                  <customControl formFactor="1" name="Intelligence.BusinessCardReaderControl.BusinessCardReader">
                    <parameters>
                      <value>businesscard</value>
                      <DefaultImage type="Multiple">businesscard</DefaultImage>
                      <AdvancedCustomization>businesscardattributes</AdvancedCustomization>
                    </parameters>
                  </customControl>
                  <customControl formFactor="2" name="Intelligence.BusinessCardReaderControl.BusinessCardReader">
                    <parameters>
                      <value>businesscard</value>
                      <DefaultImage type="Multiple">businesscard</DefaultImage>
                      <AdvancedCustomization>businesscardattributes</AdvancedCustomization>
                    </parameters>
                  </customControl>
                </controlDescription>
                <controlDescription forControl="{5ca8c570-a541-4cf4-9209-99406ba7cbdf}">
                  <customControl formFactor="0" name="MscrmControls.TalkingPointsControl.TalkingPoints">
                    <parameters>
                      <fullname>fullname</fullname>
                    </parameters>
                  </customControl>
                  <customControl formFactor="1" name="MscrmControls.TalkingPointsControl.TalkingPoints">
                    <parameters>
                      <fullname>fullname</fullname>
                    </parameters>
                  </customControl>
                  <customControl formFactor="2" name="MscrmControls.TalkingPointsControl.TalkingPoints">
                    <parameters>
                      <fullname>fullname</fullname>
                    </parameters>
                  </customControl>
                </controlDescription>
              </controlDescriptions>
              <formLibraries>
                <Library name="msdyn_talkingpointsloader.js" libraryUniqueId="{30d6d0a4-d097-b9be-cc6e-5722727be490}" />
              </formLibraries>
              <footer id="{e1e94dc3-215a-4a79-a668-94f500202411}" celllabelposition="Top" columns="111" labelwidth="115" celllabelalignment="Left">
                <rows>
                  <row>
                    <cell id="{cc6c9495-c68f-4acf-9899-cb7edf1d4e8f}" showlabel="false" labelid="{c1cdcf54-0cd1-4922-a4c6-ae11a4c85583}">
                      <labels>
                        <label description="" languagecode="1033" />
                      </labels>
                    </cell>
                    <cell id="{f7622d82-32e4-40a8-96b0-6970765ee401}" showlabel="false" labelid="{e71d8ea0-e037-48be-8782-acb13f8b3b0c}">
                      <labels>
                        <label description="" languagecode="1033" />
                      </labels>
                    </cell>
                    <cell id="{21337a68-c31f-4d75-a5e0-44e3289365c8}" showlabel="false" labelid="{56bb9a7c-cc7b-49d7-91ed-167b7d48e38a}">
                      <labels>
                        <label description="" languagecode="1033" />
                      </labels>
                    </cell>
                  </row>
                </rows>
              </footer>
              <DisplayConditions FallbackForm="true" Order="10">
                <Role Id="{627090ff-40a3-4053-8790-584edc5be201}" />
                <Role Id="{119f245c-3cc8-4b62-b31c-d1a046ced15d}" />
              </DisplayConditions>
            </form>
            <IsCustomizable>1</IsCustomizable>
            <CanBeDeleted>1</CanBeDeleted>
            <LocalizedNames>
              <LocalizedName description="GDS Portal" languagecode="1033" />
            </LocalizedNames>
            <Descriptions>
              <Description description="Main for for GDS Power Portal" languagecode="1033" />
            </Descriptions>
          </systemform>
        </forms>
      </FormXml>
      <RibbonDiffXml>
        <CustomActions />
        <Templates>
          <RibbonTemplates Id="Mscrm.Templates"></RibbonTemplates>
        </Templates>
        <CommandDefinitions />
        <RuleDefinitions>
          <TabDisplayRules />
          <DisplayRules />
          <EnableRules />
        </RuleDefinitions>
        <LocLabels />
      </RibbonDiffXml>
    </Entity>
  </Entities>
  <Roles></Roles>
  <Workflows></Workflows>
  <FieldSecurityProfiles></FieldSecurityProfiles>
  <Templates />
  <EntityMaps />
  <EntityRelationships />
  <OrganizationSettings />
  <optionsets>
    <optionset Name="awe_doyouwanttoaddextrainformation" localizedName="Do you want to add extra information?">
      <OptionSetType>picklist</OptionSetType>
      <IsGlobal>1</IsGlobal>
      <IntroducedVersion>1.0.0.0</IntroducedVersion>
      <IsCustomizable>1</IsCustomizable>
      <displaynames>
        <displayname description="Do you want to add extra information?" languagecode="1033" />
      </displaynames>
      <Descriptions>
        <Description description="" languagecode="1033" />
      </Descriptions>
      <options>
        <option value="124210000">
          <labels>
            <label description="No" languagecode="1033" />
          </labels>
        </option>
        <option value="124210001">
          <labels>
            <label description="Yes" languagecode="1033" />
          </labels>
        </option>
      </options>
    </optionset>
  </optionsets>
  <CustomControls />
  <EntityDataProviders />
  <Languages>
    <Language>1033</Language>
  </Languages>
</ImportExportXml>